{
  "train_loss": [
    0.9750530952517675,
    0.860437520292148,
    0.8194563754583751,
    0.7958859860088044,
    0.7800745341826651,
    0.7597797950239389,
    0.7440125622847854,
    0.7314352614368226,
    0.7132814497907294,
    0.6925508310216253,
    0.6842899907889523,
    0.6636377400181994,
    0.6607736014625201,
    0.639475692541832,
    0.6358742776047527,
    0.6176624634173764,
    0.6108907363362616,
    0.5965913530608865,
    0.595399229700897,
    0.5751393429424189,
    0.561616736448985,
    0.5515265966323311,
    0.5454931922551312,
    0.5309959189284998,
    0.5247175920037439,
    0.513861735210079,
    0.4990326975610517,
    0.4832686646488406,
    0.4679881050529605,
    0.46156907262216335,
    0.4409599480843744,
    0.4371212681811301,
    0.4255855219659124,
    0.4123641530985324,
    0.39797385398556473,
    0.38727926468492596,
    0.3709928012686756,
    0.3648444631801126,
    0.34766444669244323,
    0.33357510039972704,
    0.3211843057200564,
    0.31374012617476615,
    0.3081906318594985,
    0.29838439764998764,
    0.2946838422394916,
    0.2904501345124232,
    0.28656936197857197,
    0.2806163022019761,
    0.2799527127364332,
    0.2768116800743016
  ],
  "train_acc": [
    0.5959194259531425,
    0.6424310538601193,
    0.6610184144549148,
    0.6714792080919858,
    0.677660586150255,
    0.6904123800466845,
    0.6962047203250626,
    0.6971124751448085,
    0.7042880608627994,
    0.7137978732601366,
    0.7177314774790352,
    0.7262470822166508,
    0.7255554594968445,
    0.7376588570934555,
    0.7407279329125962,
    0.7471686694907927,
    0.7489841791302845,
    0.7544307080487594,
    0.7571539725079969,
    0.762946312786375,
    0.7676579925650557,
    0.7740987291432524,
    0.7759574652027319,
    0.7807988242413764,
    0.7827872395608195,
    0.7894008818189677,
    0.7961009769170917,
    0.8028442984352036,
    0.8075559782138844,
    0.8088095443935334,
    0.8209993948301202,
    0.8206103570502291,
    0.8251059047289704,
    0.8305092072274575,
    0.8385493213452062,
    0.8414022650644074,
    0.8530301720411515,
    0.8515172473415752,
    0.8608973804789487,
    0.8654793809976657,
    0.8701478343563586,
    0.8745569291951241,
    0.8767614766145068,
    0.884196420852425,
    0.8831589867727155,
    0.8847151378922797,
    0.8867467796317109,
    0.8886487421111784,
    0.8892971384109968,
    0.8910694216305005
  ],
  "val_loss": [
    1.014275658219626,
    0.9261947706002056,
    0.7509862968992365,
    0.8629552570470572,
    0.7366941036513334,
    0.7977485150032667,
    0.6988926630407807,
    0.6519460811570741,
    0.7114719698535884,
    0.6808553954658908,
    0.8266822631041176,
    0.6946810486337363,
    0.7062321318141005,
    0.6712132018613364,
    0.6305337592264998,
    0.6390793755791806,
    0.666267446519772,
    0.6323097932295427,
    0.600915601808072,
    0.6263066241282813,
    0.6093118753504412,
    0.5916182322201047,
    0.6139644821348608,
    0.5916454881243295,
    0.5924318509162471,
    0.5941697640274234,
    0.5862462317628535,
    0.5852732758308481,
    0.601912624062322,
    0.5681663442095706,
    0.5652816396147248,
    0.5643911262072694,
    0.5834471942413134,
    0.5747344734713462,
    0.5731067468087375,
    0.5767410584508063,
    0.5892116842862457,
    0.5889388157615792,
    0.5865667552290988,
    0.5918561688276556,
    0.5983719883942427,
    0.6132988515870812,
    0.6008602078580942,
    0.6129967538440374,
    0.6030862493839191,
    0.6010520971059462,
    0.6018328445559431,
    0.6056798076663307,
    0.602097569308936,
    0.5996534073571657
  ],
  "val_acc": [
    0.5618317530764575,
    0.6142828323582812,
    0.6955820052451079,
    0.6423239862820255,
    0.704458341738955,
    0.669356465604196,
    0.704458341738955,
    0.7284647972564051,
    0.6959854750857374,
    0.7145450877546904,
    0.7026427274561227,
    0.7207988702844462,
    0.7121242687109138,
    0.7266491829735727,
    0.7320960258220698,
    0.7365341940689933,
    0.732701230583014,
    0.738148073431511,
    0.7506556384910228,
    0.7407706273956022,
    0.7559007464192051,
    0.7615493241880169,
    0.751866048012911,
    0.7607423845067581,
    0.7595319749848699,
    0.7577163607020375,
    0.7617510591083316,
    0.7720395400443817,
    0.7526729876941699,
    0.770425660681864,
    0.7740568892475288,
    0.7746620940084729,
    0.7708291305224935,
    0.7744603590881581,
    0.7706273956021787,
    0.7742586241678434,
    0.7732499495662699,
    0.7736534194068994,
    0.777284647972564,
    0.7740568892475288,
    0.7758725035303611,
    0.778696792414767,
    0.7805124066975994,
    0.7845471051038935,
    0.7851523098648376,
    0.7827314908210611,
    0.782126286060117,
    0.7811176114585435,
    0.7857575146257817,
    0.78353843050232
  ]
}