{
  "train_loss": [
    2.2152106637118156,
    2.027548053975691,
    1.9569033177860997,
    1.9057480002788074,
    1.8664420243480748,
    1.8277330913878325,
    1.7926982285516304,
    1.7649182524932059,
    1.7326048453481573,
    1.7040745445719936,
    1.6779821026116086,
    1.6564088924809506,
    1.6263039951324463,
    1.6068865645726522,
    1.58339520799068,
    1.5542090311886971,
    1.5334357303485535,
    1.510232767155296,
    1.4833170882609852,
    1.4628032550142522,
    1.4280984175498026,
    1.4043771655601367,
    1.3734283871901662,
    1.3387520554860433,
    1.3067472247575458,
    1.269273696573157,
    1.2345657397153085,
    1.1884777458927087,
    1.153951975353977,
    1.1092340596182304,
    1.0768474901600888,
    1.0321725192488285,
    0.9819190810354133,
    0.9360552371175666,
    0.8996096386491207,
    0.8607476005554199,
    0.8212355021593863,
    0.7832362763254266,
    0.7491325899257995,
    0.7142530146983632,
    0.6796829397720203,
    0.6558113919391967
  ],
  "train_acc": [
    0.2986666666666667,
    0.34610526315789475,
    0.36380701754385963,
    0.37812280701754386,
    0.3908421052631579,
    0.4006315789473684,
    0.41068421052631576,
    0.4169122807017544,
    0.4276842105263158,
    0.43608771929824564,
    0.44428070175438594,
    0.45017543859649123,
    0.4591578947368421,
    0.4656842105263158,
    0.47010526315789475,
    0.48150877192982455,
    0.48840350877192984,
    0.4913508771929825,
    0.5021228070175439,
    0.5076842105263157,
    0.5184736842105263,
    0.5235964912280702,
    0.535438596491228,
    0.5444736842105263,
    0.5537543859649123,
    0.5661228070175438,
    0.5742456140350877,
    0.5909649122807018,
    0.6019824561403508,
    0.6170701754385965,
    0.624,
    0.6426842105263157,
    0.6582807017543859,
    0.6734210526315789,
    0.6863333333333334,
    0.6992280701754386,
    0.7112982456140351,
    0.7273508771929824,
    0.7369473684210527,
    0.7502982456140351,
    0.7619473684210526,
    0.7718771929824562
  ],
  "val_loss": [
    2.110798680022986,
    1.9090879405015264,
    1.9130849913799648,
    1.7788608308234308,
    1.7552332419390293,
    1.7314793470742484,
    1.6825869791203598,
    1.644482576790468,
    1.6050887022155853,
    1.7056190206080466,
    1.6176186661605498,
    1.6254480569281047,
    1.6679303682004643,
    1.593063768982126,
    1.5803245674749824,
    1.5389826354953922,
    1.5300097335316027,
    1.526534856410079,
    1.543637878105803,
    1.5356275352397917,
    1.4995819232614922,
    1.532747461223087,
    1.5090268685088837,
    1.4912446215712187,
    1.5154332421269845,
    1.5147582331401774,
    1.5287379029145778,
    1.5683504450979024,
    1.5604696416300488,
    1.6000084822455463,
    1.6027097699098352,
    1.611224002917777,
    1.64128167712788,
    1.678817670396449,
    1.7172900434307095,
    1.7339337147822333,
    1.7479145604283208,
    1.767949920093367,
    1.7956916830612708,
    1.8360505664877598,
    1.8280368821992214,
    1.8689580825594378
  ],
  "val_acc": [
    0.33248730964467005,
    0.37866382839364665,
    0.3892254789585721,
    0.42361224823972493,
    0.42737841820861305,
    0.4330276731619453,
    0.4502210578025217,
    0.452186016047159,
    0.4679056820042574,
    0.44801047977730474,
    0.4701162600294744,
    0.47281807761585065,
    0.4682331750450303,
    0.4835434747011626,
    0.4807597838545931,
    0.4999181267398068,
    0.4968888161126576,
    0.5004912395611594,
    0.495906336990339,
    0.5006549860815458,
    0.5080235794989356,
    0.5065498608154577,
    0.51702963812019,
    0.5192402161454069,
    0.5202226952677256,
    0.5156377926969052,
    0.5167840183396103,
    0.5103160307843458,
    0.5206320615686917,
    0.5177664974619289,
    0.509988537743573,
    0.5236613721958409,
    0.5137547077124611,
    0.5180939905027018,
    0.5159652857376781,
    0.5197314557065662,
    0.5176846242017357,
    0.5214507941706239,
    0.5178483707221222,
    0.5129359751105289,
    0.5212870476502375,
    0.5146553135745865
  ]
}