{
  "train_loss": [
    0.9940208118005375,
    0.8666763788550832,
    0.8275173882414932,
    0.8130042311015079,
    0.7864154890711681,
    0.7822290553932852,
    0.7603895763152512,
    0.7483232360604702,
    0.737503516124733,
    0.7267756922104658,
    0.710175069482013,
    0.699260923705188,
    0.6836060838329562,
    0.6764420374855624,
    0.653680749480372,
    0.64349005615906,
    0.6266341925368165,
    0.6143135883386209,
    0.6005663015235003,
    0.5854269754992779,
    0.5578903092822302,
    0.5486820000342576,
    0.5302985213343333,
    0.5154712772765134,
    0.48926577426759194,
    0.46788104207130066
  ],
  "train_acc": [
    0.5846805567562895,
    0.6342612604824068,
    0.653842828736924,
    0.6566093196161494,
    0.6737702083513444,
    0.67139275525201,
    0.6814645111091899,
    0.6882078326273018,
    0.6951672862453532,
    0.6948647013054379,
    0.7036828909829688,
    0.7089997406414801,
    0.7174288925391199,
    0.7155269300596525,
    0.726160629376675,
    0.7304400449554768,
    0.7363188380738307,
    0.7434944237918215,
    0.7505403302498487,
    0.755424915708481,
    0.7652805394657215,
    0.767960577504971,
    0.7782916918820784,
    0.7842137114204202,
    0.7948474107374427,
    0.8040546381948647
  ],
  "val_loss": [
    0.9454761370791046,
    1.1363242725006197,
    0.7734486788108461,
    0.7660470392907461,
    0.6993713287160549,
    0.7633508897390436,
    0.6613897783322898,
    0.6947926154823488,
    0.8661054808910225,
    0.7117811454648281,
    0.665339775935089,
    0.6714262611591362,
    0.6357400199687359,
    0.7040456793638686,
    0.7029656453408708,
    0.5771486286268567,
    0.6136294729302721,
    0.7341951512451107,
    0.6354704837248839,
    0.6285359326187151,
    0.6248216068934644,
    0.5996101737407179,
    0.6324644652205609,
    0.5902682511657867,
    0.6608065781584666,
    0.6331466825132964
  ],
  "val_acc": [
    0.6090377244300988,
    0.5374218277183781,
    0.681057090982449,
    0.687310873512205,
    0.706475690942102,
    0.6737946338511196,
    0.7302804115392374,
    0.712729473471858,
    0.6600766592697196,
    0.7008271131732903,
    0.7268509178938874,
    0.7203954004438168,
    0.7393584829533992,
    0.7207988702844462,
    0.7175711115594109,
    0.7623562638692758,
    0.7514625781722816,
    0.7115190639499698,
    0.7486382892878757,
    0.7526729876941699,
    0.7548920718176316,
    0.7619527940286464,
    0.7514625781722816,
    0.7591285051442405,
    0.7468226750050434,
    0.7506556384910228
  ]
}