{
    "train_loss": [
        2.1325256839886046,
        1.9046903928455554,
        1.814635983048824,
        1.7457418848506192,
        1.6822675420861495,
        1.6429325848964222,
        1.604129333395707,
        1.5713894897260163,
        1.5405056978526868,
        1.516788375954879,
        1.491353809289765,
        1.461782459225571,
        1.4429343025140595,
        1.4177654847262198,
        1.3888532446476451,
        1.3666723926945736,
        1.3434134605140018,
        1.3131644846096373,
        1.2893296042659828,
        1.2699261910957202,
        1.2466946762486508,
        1.2164874821211162,
        1.1862955122830574,
        1.1617033812204998,
        1.136477772068559,
        1.0993396307292738,
        1.076210902699253,
        1.0404132961139345,
        1.0091562444703621,
        0.9776709124581856,
        0.9432139945615802,
        0.9105121894468341,
        0.8746483471351757,
        0.8439622631407621,
        0.8137176707418341,
        0.7779030055497822,
        0.7450398444962083,
        0.7119809162407591,
        0.6863599579794365,
        0.6538665075553091,
        0.6282519041362562,
        0.6091621601288779,
        0.5920088274018807,
        0.5713275312708135,
        0.5566305636941341,
        0.5446780083304957,
        0.5327481421253137,
        0.5245873927233512,
        0.51756055006228
    ],
    "train_accuracy": [
        0.3165438596491228,
        0.37933333333333336,
        0.40696491228070175,
        0.42598245614035085,
        0.44087719298245615,
        0.4568421052631579,
        0.4692280701754386,
        0.47450877192982455,
        0.48878947368421055,
        0.49480701754385964,
        0.5010175438596491,
        0.5106140350877193,
        0.515298245614035,
        0.5245438596491228,
        0.5326315789473685,
        0.5402280701754386,
        0.5456140350877193,
        0.5570350877192982,
        0.5637192982456141,
        0.5721228070175438,
        0.5746666666666667,
        0.5881578947368421,
        0.5952456140350877,
        0.6056140350877193,
        0.6101578947368421,
        0.6239298245614036,
        0.6295263157894737,
        0.6427719298245614,
        0.6529122807017543,
        0.6616842105263158,
        0.6755263157894736,
        0.6844736842105263,
        0.6955964912280702,
        0.7076140350877193,
        0.7168947368421053,
        0.7307894736842105,
        0.7418771929824561,
        0.7544912280701754,
        0.7594736842105263,
        0.772140350877193,
        0.7833157894736842,
        0.7898771929824562,
        0.7978070175438596,
        0.8045964912280702,
        0.8065438596491228,
        0.8128070175438596,
        0.8174035087719298,
        0.8214210526315789,
        0.823140350877193
    ],
    "val_loss": [
        2.0849545490767105,
        1.8721384421413065,
        1.908661293909283,
        1.9135180247753287,
        1.7147210575817102,
        1.6983921129261976,
        1.6829164986800147,
        1.6738941399891443,
        1.638171667492056,
        1.5861007055401588,
        1.587541806438228,
        1.534045525242893,
        1.6580624810720557,
        1.554764963472965,
        1.5438056221487715,
        1.5165107840111238,
        1.5382566449098352,
        1.5067222239207143,
        1.4864579191062657,
        1.488880354916579,
        1.6002170829154552,
        1.5076064562981035,
        1.5527805276367577,
        1.4711150231563617,
        1.458202358742129,
        1.4764470572320922,
        1.4696945219631767,
        1.4741053388574343,
        1.4966804553546158,
        1.479458125480482,
        1.5125163239973627,
        1.513189076049952,
        1.5334627833873136,
        1.513527232104986,
        1.5420675715545946,
        1.555652310068603,
        1.5840056332742327,
        1.5792336803578073,
        1.5878857558461088,
        1.623075919044336,
        1.630037127939558,
        1.6503698964624138,
        1.6426295184144337,
        1.6741207090243198,
        1.6455973446691252,
        1.7062336427794162,
        1.6944560520149632,
        1.7033370516783128,
        1.6765630466761947
    ],
    "val_accuracy": [
        0.3534468642541346,
        0.39053545112166366,
        0.3894710987391518,
        0.39520222695267726,
        0.43974128049778943,
        0.45275912886851155,
        0.45554281971508104,
        0.4548059603733421,
        0.466268216800393,
        0.47822171278860326,
        0.479613558211888,
        0.48845587031275584,
        0.4595546094645489,
        0.48911085639430163,
        0.4894383494350745,
        0.5058130014737187,
        0.49778942197478304,
        0.5104797773047323,
        0.5120353692484034,
        0.5121172425085967,
        0.48804650401178973,
        0.5182577370230883,
        0.5077779597183559,
        0.5238251187162273,
        0.531111838873424,
        0.5310299656132307,
        0.532585557556902,
        0.5294743736695595,
        0.5313574586540036,
        0.5350417553626985,
        0.5363517275257901,
        0.5395447846733257,
        0.533731783199607,
        0.5395447846733257,
        0.5283281480268545,
        0.5329949238578681,
        0.5356967414442443,
        0.5387260520713935,
        0.5428197150810545,
        0.5420009824791223,
        0.5402816440150647,
        0.5383985590306206,
        0.5408547568364173,
        0.5386441788112003,
        0.5406910103160307,
        0.5389716718519731,
        0.5397085311937121,
        0.5349598821025053,
        0.5383166857704274
    ]
}