{
  "fgsm": [
    {
      "epsilon": 0.01,
      "clean_accuracy": 0.5518397383483238,
      "adv_accuracy": 0.1357318070318888,
      "attack_success_rate": 0.8642681929681112,
      "mean_l2": 3.879793571431619,
      "mean_linf": 0.009999999776482582,
      "mean_psnr": 2.9579674339912763,
      "asr_Abstract_Expressionism": 0.47607655502392343,
      "asr_Action_painting": 0.9333333333333333,
      "asr_Analytical_Cubism": 1.0,
      "asr_Art_Nouveau_Modern": 0.6559139784946236,
      "asr_Baroque": 0.9449685534591195,
      "asr_Color_Field_Painting": 0.4732510288065843,
      "asr_Contemporary_Realism": 0.9452054794520548,
      "asr_Cubism": 0.9166666666666666,
      "asr_Early_Renaissance": 0.9760765550239234,
      "asr_Expressionism": 0.9663699307616221,
      "asr_Fauvism": 0.8581560283687943,
      "asr_High_Renaissance": 0.9900990099009901,
      "asr_Impressionism": 0.8958652373660031,
      "asr_Mannerism_Late_Renaissance": 0.9739583333333334,
      "asr_Minimalism": 0.3681592039800995,
      "asr_Naive_Art_Primitivism": 0.8005540166204986,
      "asr_New_Realism": 1.0,
      "asr_Northern_Renaissance": 0.9660574412532636,
      "asr_Pointillism": 0.9090909090909091,
      "asr_Pop_Art": 0.6905829596412556,
      "asr_Post_Impressionism": 0.8966942148760331,
      "asr_Realism": 0.9267080745341615,
      "asr_Rococo": 0.9522292993630573,
      "asr_Romanticism": 0.9648622981956315,
      "asr_Symbolism": 0.8191176470588235,
      "asr_Synthetic_Cubism": 1.0,
      "asr_Ukiyo_e": 0.6022727272727273
    },
    {
      "epsilon": 0.02,
      "clean_accuracy": 0.5518397383483238,
      "adv_accuracy": 0.10760425183973835,
      "attack_success_rate": 0.8923957481602617,
      "mean_l2": 7.759587146996087,
      "mean_linf": 0.019999999552965164,
      "mean_psnr": 2.9560577202233635,
      "asr_Abstract_Expressionism": 0.5550239234449761,
      "asr_Action_painting": 0.9333333333333333,
      "asr_Analytical_Cubism": 1.0,
      "asr_Art_Nouveau_Modern": 0.7204301075268817,
      "asr_Baroque": 0.9559748427672956,
      "asr_Color_Field_Painting": 0.5185185185185186,
      "asr_Contemporary_Realism": 0.9452054794520548,
      "asr_Cubism": 0.9285714285714286,
      "asr_Early_Renaissance": 0.9904306220095693,
      "asr_Expressionism": 0.9752720079129574,
      "asr_Fauvism": 0.9290780141843972,
      "asr_High_Renaissance": 0.9900990099009901,
      "asr_Impressionism": 0.9392547217968351,
      "asr_Mannerism_Late_Renaissance": 0.9739583333333334,
      "asr_Minimalism": 0.39303482587064675,
      "asr_Naive_Art_Primitivism": 0.8393351800554016,
      "asr_New_Realism": 1.0,
      "asr_Northern_Renaissance": 0.9765013054830287,
      "asr_Pointillism": 0.935064935064935,
      "asr_Pop_Art": 0.7130044843049328,
      "asr_Post_Impressionism": 0.9225206611570248,
      "asr_Realism": 0.9428571428571428,
      "asr_Rococo": 0.964968152866242,
      "asr_Romanticism": 0.9772079772079773,
      "asr_Symbolism": 0.8602941176470589,
      "asr_Synthetic_Cubism": 1.0,
      "asr_Ukiyo_e": 0.6818181818181819
    },
    {
      "epsilon": 0.03,
      "clean_accuracy": 0.5518397383483238,
      "adv_accuracy": 0.09149632052330335,
      "attack_success_rate": 0.9085036794766966,
      "mean_l2": 11.639381192925516,
      "mean_linf": 0.029999999329447746,
      "mean_psnr": 2.953345802610919,
      "asr_Abstract_Expressionism": 0.5909090909090908,
      "asr_Action_painting": 0.9333333333333333,
      "asr_Analytical_Cubism": 1.0,
      "asr_Art_Nouveau_Modern": 0.7511520737327189,
      "asr_Baroque": 0.9685534591194969,
      "asr_Color_Field_Painting": 0.5390946502057613,
      "asr_Contemporary_Realism": 0.9452054794520548,
      "asr_Cubism": 0.9315476190476191,
      "asr_Early_Renaissance": 0.9952153110047847,
      "asr_Expressionism": 0.9841740850642928,
      "asr_Fauvism": 0.9361702127659575,
      "asr_High_Renaissance": 0.995049504950495,
      "asr_Impressionism": 0.9617151607963247,
      "asr_Mannerism_Late_Renaissance": 0.984375,
      "asr_Minimalism": 0.39303482587064675,
      "asr_Naive_Art_Primitivism": 0.8698060941828255,
      "asr_New_Realism": 1.0,
      "asr_Northern_Renaissance": 0.9817232375979112,
      "asr_Pointillism": 0.948051948051948,
      "asr_Pop_Art": 0.7309417040358744,
      "asr_Post_Impressionism": 0.9442148760330579,
      "asr_Realism": 0.9546583850931677,
      "asr_Rococo": 0.9745222929936306,
      "asr_Romanticism": 0.98005698005698,
      "asr_Symbolism": 0.8764705882352941,
      "asr_Synthetic_Cubism": 1.0,
      "asr_Ukiyo_e": 0.7670454545454546
    },
    {
      "epsilon": 0.05,
      "clean_accuracy": 0.5518397383483238,
      "adv_accuracy": 0.07080948487326247,
      "attack_success_rate": 0.9291905151267376,
      "mean_l2": 19.398969284706396,
      "mean_linf": 0.05000000074505806,
      "mean_psnr": 2.9453668068615277,
      "asr_Abstract_Expressionism": 0.6722488038277512,
      "asr_Action_painting": 0.9333333333333333,
      "asr_Analytical_Cubism": 1.0,
      "asr_Art_Nouveau_Modern": 0.7972350230414746,
      "asr_Baroque": 0.9858490566037735,
      "asr_Color_Field_Painting": 0.6049382716049383,
      "asr_Contemporary_Realism": 0.9863013698630136,
      "asr_Cubism": 0.9404761904761905,
      "asr_Early_Renaissance": 1.0,
      "asr_Expressionism": 0.9910979228486647,
      "asr_Fauvism": 0.9574468085106383,
      "asr_High_Renaissance": 1.0,
      "asr_Impressionism": 0.9862174578866769,
      "asr_Mannerism_Late_Renaissance": 0.9895833333333334,
      "asr_Minimalism": 0.417910447761194,
      "asr_Naive_Art_Primitivism": 0.8947368421052632,
      "asr_New_Realism": 1.0,
      "asr_Northern_Renaissance": 0.9843342036553525,
      "asr_Pointillism": 0.974025974025974,
      "asr_Pop_Art": 0.7533632286995515,
      "asr_Post_Impressionism": 0.9648760330578512,
      "asr_Realism": 0.9633540372670808,
      "asr_Rococo": 0.9872611464968153,
      "asr_Romanticism": 0.9895536562203229,
      "asr_Symbolism": 0.8970588235294118,
      "asr_Synthetic_Cubism": 1.0,
      "asr_Ukiyo_e": 0.8295454545454546
    },
    {
      "epsilon": 0.1,
      "clean_accuracy": 0.5518397383483238,
      "adv_accuracy": 0.05200327064595257,
      "attack_success_rate": 0.9479967293540474,
      "mean_l2": 38.79793855880775,
      "mean_linf": 0.10000000149011612,
      "mean_psnr": 2.911353118751275,
      "asr_Abstract_Expressionism": 0.7511961722488039,
      "asr_Action_painting": 1.0,
      "asr_Analytical_Cubism": 1.0,
      "asr_Art_Nouveau_Modern": 0.8571428571428572,
      "asr_Baroque": 0.9921383647798742,
      "asr_Color_Field_Painting": 0.6790123456790124,
      "asr_Contemporary_Realism": 1.0,
      "asr_Cubism": 0.9434523809523809,
      "asr_Early_Renaissance": 1.0,
      "asr_Expressionism": 0.9950544015825915,
      "asr_Fauvism": 0.9787234042553191,
      "asr_High_Renaissance": 1.0,
      "asr_Impressionism": 0.9954058192955589,
      "asr_Mannerism_Late_Renaissance": 0.9895833333333334,
      "asr_Minimalism": 0.43781094527363185,
      "asr_Naive_Art_Primitivism": 0.9307479224376731,
      "asr_New_Realism": 1.0,
      "asr_Northern_Renaissance": 0.9921671018276762,
      "asr_Pointillism": 1.0,
      "asr_Pop_Art": 0.7982062780269058,
      "asr_Post_Impressionism": 0.9834710743801653,
      "asr_Realism": 0.9763975155279503,
      "asr_Rococo": 1.0,
      "asr_Romanticism": 0.9895536562203229,
      "asr_Symbolism": 0.9191176470588235,
      "asr_Synthetic_Cubism": 1.0,
      "asr_Ukiyo_e": 0.9318181818181819
    }
  ],
  "pgd": [
    {
      "epsilon": 0.01,
      "clean_accuracy": 0.5518397383483238,
      "adv_accuracy": 0.03344235486508586,
      "attack_success_rate": 0.9665576451349142,
      "mean_l2": 296.22266616788147,
      "mean_linf": 1.7908421997495685,
      "mean_psnr": 2.958269011435375,
      "asr_Abstract_Expressionism": 0.868421052631579,
      "asr_Action_painting": 1.0,
      "asr_Analytical_Cubism": 1.0,