{
  "fgsm": [
    {
      "epsilon": 0.01,
      "clean_accuracy": 0.5195421095666394,
      "adv_accuracy": 0.42289452166802943,
      "attack_success_rate": 0.5771054783319706,
      "mean_l2": 3.879793529342845,
      "mean_linf": 0.009999999776482582,
      "mean_psnr": 2.957967373155926,
      "asr_Abstract_Expressionism": 0.5980861244019139,
      "asr_Action_painting": 0.8,
      "asr_Analytical_Cubism": 0.7647058823529411,
      "asr_Art_Nouveau_Modern": 0.6466973886328725,
      "asr_Baroque": 0.529874213836478,
      "asr_Color_Field_Painting": 0.4526748971193416,
      "asr_Contemporary_Realism": 0.9589041095890412,
      "asr_Cubism": 0.5952380952380952,
      "asr_Early_Renaissance": 0.5980861244019139,
      "asr_Expressionism": 0.6350148367952522,
      "asr_Fauvism": 0.9574468085106383,
      "asr_High_Renaissance": 0.7277227722772277,
      "asr_Impressionism": 0.3363961204696274,
      "asr_Mannerism_Late_Renaissance": 0.7760416666666666,
      "asr_Minimalism": 0.37810945273631846,
      "asr_Naive_Art_Primitivism": 0.7534626038781164,
      "asr_New_Realism": 0.9375,
      "asr_Northern_Renaissance": 0.5274151436031331,
      "asr_Pointillism": 0.6623376623376623,
      "asr_Pop_Art": 0.7309417040358744,
      "asr_Post_Impressionism": 0.7954545454545454,
      "asr_Realism": 0.522360248447205,
      "asr_Rococo": 0.5732484076433121,
      "asr_Romanticism": 0.5897435897435898,
      "asr_Symbolism": 0.7308823529411765,
      "asr_Synthetic_Cubism": 0.8181818181818181,
      "asr_Ukiyo_e": 0.24431818181818177
    },
    {
      "epsilon": 0.02,
      "clean_accuracy": 0.5195421095666394,
      "adv_accuracy": 0.3750613246116108,
      "attack_success_rate": 0.6249386753883892,
      "mean_l2": 7.75958705868569,
      "mean_linf": 0.019999999552965164,
      "mean_psnr": 2.956057297295651,
      "asr_Abstract_Expressionism": 0.6291866028708134,
      "asr_Action_painting": 0.8,
      "asr_Analytical_Cubism": 0.7647058823529411,
      "asr_Art_Nouveau_Modern": 0.6943164362519201,
      "asr_Baroque": 0.5770440251572326,
      "asr_Color_Field_Painting": 0.4814814814814815,
      "asr_Contemporary_Realism": 0.9589041095890412,
      "asr_Cubism": 0.6458333333333333,
      "asr_Early_Renaissance": 0.6794258373205742,
      "asr_Expressionism": 0.6904055390702275,
      "asr_Fauvism": 0.9645390070921985,
      "asr_High_Renaissance": 0.7871287128712872,
      "asr_Impressionism": 0.40684022460438996,
      "asr_Mannerism_Late_Renaissance": 0.8229166666666666,
      "asr_Minimalism": 0.3830845771144279,
      "asr_Naive_Art_Primitivism": 0.7867036011080333,
      "asr_New_Realism": 0.9375,
      "asr_Northern_Renaissance": 0.5953002610966057,
      "asr_Pointillism": 0.7142857142857143,
      "asr_Pop_Art": 0.7713004484304933,
      "asr_Post_Impressionism": 0.8305785123966942,
      "asr_Realism": 0.5745341614906831,
      "asr_Rococo": 0.6528662420382165,
      "asr_Romanticism": 0.627730294396961,
      "asr_Symbolism": 0.7455882352941177,
      "asr_Synthetic_Cubism": 0.8787878787878788,
      "asr_Ukiyo_e": 0.28409090909090906
    },
    {
      "epsilon": 0.03,
      "clean_accuracy": 0.5195421095666394,
      "adv_accuracy": 0.33197056418642684,
      "attack_success_rate": 0.6680294358135732,
      "mean_l2": 11.63938106925197,
      "mean_linf": 0.029999999329447746,
      "mean_psnr": 2.9533446463694295,
      "asr_Abstract_Expressionism": 0.6650717703349283,
      "asr_Action_painting": 0.8666666666666667,
      "asr_Analytical_Cubism": 0.7647058823529411,
      "asr_Art_Nouveau_Modern": 0.7311827956989247,
      "asr_Baroque": 0.6320754716981132,
      "asr_Color_Field_Painting": 0.49382716049382713,
      "asr_Contemporary_Realism": 0.9726027397260274,
      "asr_Cubism": 0.7053571428571428,
      "asr_Early_Renaissance": 0.722488038277512,
      "asr_Expressionism": 0.7398615232443125,
      "asr_Fauvism": 0.9716312056737588,
      "asr_High_Renaissance": 0.8217821782178218,
      "asr_Impressionism": 0.4721796835119959,
      "asr_Mannerism_Late_Renaissance": 0.8385416666666666,
      "asr_Minimalism": 0.417910447761194,
      "asr_Naive_Art_Primitivism": 0.8088642659279779,
      "asr_New_Realism": 0.9375,
      "asr_Northern_Renaissance": 0.6501305483028721,
      "asr_Pointillism": 0.7272727272727273,
      "asr_Pop_Art": 0.789237668161435,
      "asr_Post_Impressionism": 0.862603305785124,
      "asr_Realism": 0.6229813664596273,
      "asr_Rococo": 0.6910828025477707,
      "asr_Romanticism": 0.6619183285849952,
      "asr_Symbolism": 0.775,
      "asr_Synthetic_Cubism": 0.9090909090909091,
      "asr_Ukiyo_e": 0.34659090909090906
    },
    {
      "epsilon": 0.05,
      "clean_accuracy": 0.5195421095666394,
      "adv_accuracy": 0.25699100572363043,
      "attack_success_rate": 0.7430089942763696,
      "mean_l2": 19.398969083366488,
      "mean_linf": 0.05000000074505806,
      "mean_psnr": 2.9453628416480777,
      "asr_Abstract_Expressionism": 0.7344497607655502,
      "asr_Action_painting": 0.8666666666666667,
      "asr_Analytical_Cubism": 0.8823529411764706,
      "asr_Art_Nouveau_Modern": 0.7926267281105991,
      "asr_Baroque": 0.7012578616352201,
      "asr_Color_Field_Painting": 0.5308641975308642,
      "asr_Contemporary_Realism": 0.9726027397260274,
      "asr_Cubism": 0.7619047619047619,
      "asr_Early_Renaissance": 0.799043062200957,
      "asr_Expressionism": 0.811078140454995,
      "asr_Fauvism": 0.9787234042553191,
      "asr_High_Renaissance": 0.8514851485148515,
      "asr_Impressionism": 0.591628381827463,
      "asr_Mannerism_Late_Renaissance": 0.9010416666666666,
      "asr_Minimalism": 0.4477611940298507,
      "asr_Naive_Art_Primitivism": 0.8753462603878116,
      "asr_New_Realism": 0.9375,
      "asr_Northern_Renaissance": 0.7467362924281984,
      "asr_Pointillism": 0.8051948051948052,
      "asr_Pop_Art": 0.8295964125560538,
      "asr_Post_Impressionism": 0.9173553719008265,
      "asr_Realism": 0.7236024844720497,
      "asr_Rococo": 0.7834394904458599,
      "asr_Romanticism": 0.7226970560303894,
      "asr_Symbolism": 0.8029411764705883,
      "asr_Synthetic_Cubism": 0.9696969696969697,
      "asr_Ukiyo_e": 0.47159090909090906
    },
    {
      "epsilon": 0.1,
      "clean_accuracy": 0.5195421095666394,
      "adv_accuracy": 0.14439901880621422,
      "attack_success_rate": 0.8556009811937858,
      "mean_l2": 38.797938134917835,
      "mean_linf": 0.10000000149011612,
      "mean_psnr": 2.9113384712811574,
      "asr_Abstract_Expressionism": 0.8301435406698565,
      "asr_Action_painting": 1.0,
      "asr_Analytical_Cubism": 1.0,
      "asr_Art_Nouveau_Modern": 0.8740399385560675,
      "asr_Baroque": 0.8238993710691824,
      "asr_Color_Field_Painting": 0.6255144032921811,
      "asr_Contemporary_Realism": 0.9863013698630136,
      "asr_Cubism": 0.8779761904761905,
      "asr_Early_Renaissance": 0.9473684210526316,
      "asr_Expressionism": 0.8931750741839762,
      "asr_Fauvism": 0.9929078014184397,
      "asr_High_Renaissance": 0.9257425742574258,
      "asr_Impressionism": 0.8075548749361919,
      "asr_Mannerism_Late_Renaissance": 0.9427083333333334,
      "asr_Minimalism": 0.5024875621890548,
      "asr_Naive_Art_Primitivism": 0.9390581717451524,
      "asr_New_Realism": 0.9375,
      "asr_Northern_Renaissance": 0.8694516971279374,
      "asr_Pointillism": 0.961038961038961,
      "asr_Pop_Art": 0.8968609865470852,
      "asr_Post_Impressionism": 0.9628099173553719,
      "asr_Realism": 0.8552795031055901,
      "asr_Rococo": 0.8885350318471338,
      "asr_Romanticism": 0.8328584995251662,
      "asr_Symbolism": 0.8558823529411765,
      "asr_Synthetic_Cubism": 0.9696969696969697,
      "asr_Ukiyo_e": 0.6306818181818181
    }
  ],
  "pgd": [
    {
      "epsilon": 0.01,
      "clean_accuracy": 0.5195421095666394,
      "adv_accuracy": 0.3474243663123467,
      "attack_success_rate": 0.6525756336876534,
      "mean_l2": 296.2236183446446,