{
  "train_loss": [
    0.8832334064515962,
    0.7763173132168656,
    0.739373056810461,
    0.707829171860755,
    0.6855963116344713,
    0.6673292680702678,
    0.6518310918312884,
    0.6381152799478447,
    0.6322859353931358,
    0.6119742501938344,
    0.5986366301499294,
    0.5907315447716537,
    0.5753684353372905,
    0.5645444320526554,
    0.5457539338944766,
    0.5393490968532155,
    0.5220758674612018,
    0.5129855762420925,
    0.5037232889180526,
    0.48564583155364144,
    0.47392935656043955,
    0.45830699539157777,
    0.44437890920765183,
    0.43660924325830697,
    0.415091500205405,
    0.4093917960519561,
    0.3857470645790763,
    0.3719160797334824,
    0.3566716274998105,
    0.3506280875194657,
    0.3237370845512376,
    0.3095516266602885,
    0.2961143084257529,
    0.2801118944585195,
    0.26135991870960185,
    0.2513842356602282,
    0.2311251345228652,
    0.21988226521254267,
    0.20821971364794042,
    0.1938138220060188,
    0.18551264669908157,
    0.17385041727241202,
    0.16667728882508093,
    0.16309142524166045,
    0.15149947447991982,
    0.15034973854154768,
    0.1438427270141542
  ],
  "train_acc": [
    0.6325754301028789,
    0.6777038125702429,
    0.6944324371055589,
    0.7081352122417222,
    0.7177747038990231,
    0.7270683841964208,
    0.7356272153540244,
    0.7337684792945448,
    0.7396904988328866,
    0.7487248206103571,
    0.7547332929886746,
    0.7574565574479122,
    0.7632921241462782,
    0.7702515777643295,
    0.7775136163222962,
    0.7791562202818363,
    0.7899195988588225,
    0.7911299386184836,
    0.7914757499783868,
    0.8015475058355667,
    0.8076424310538601,
    0.8140399412120688,
    0.8184058096308464,
    0.8219503760698539,
    0.8322382640269733,
    0.8323247168669491,
    0.8435635860638022,
    0.8517766058615025,
    0.8544134174807643,
    0.8566611913201349,
    0.8696291173165038,
    0.8732601365954872,
    0.8801331373735627,
    0.8876545344514567,
    0.8953488372093024,
    0.9020489323074263,
    0.9086193481455865,
    0.9134174807642431,
    0.9183020662228755,
    0.922667934641653,
    0.9290654447998616,
    0.9329990490187603,
    0.9345119737183366,
    0.9370623324976225,
    0.942724993516037,
    0.9432437105558917,
    0.9451024466153713
  ],
  "val_loss": [
    0.857928197086158,
    0.7800776292617845,
    0.8629500244277991,
    0.7621945063265095,
    0.6804771043010025,
    0.6828181971122306,
    0.742257453872476,
    0.6930686525935869,
    0.7437151946294253,
    0.758027223550386,
    0.710513093237293,
    0.6928333992231318,
    0.5729534039940833,
    0.7549270088330666,
    0.6208896210940585,
    0.6027446693654548,
    0.5933963487122793,
    0.6036853377006697,
    0.6679196208865743,
    0.6034924745054671,
    0.5499119131055743,
    0.5654532543011723,
    0.5924437606264945,
    0.5527066353446225,
    0.5757571111914369,
    0.5653652157758497,
    0.599693015359067,
    0.5577977612804015,
    0.581355270621323,
    0.5881087591216668,
    0.6391216206627554,
    0.6150649902270835,
    0.6269905599995633,
    0.6232606628404309,
    0.6315404672114773,
    0.6435970467185935,
    0.6358079045968886,
    0.6788492078667618,
    0.6823200531392563,
    0.6797009869306733,
    0.6786487679075565,
    0.6889623933461781,
    0.6964626313217807,
    0.7160107687593636,
    0.709661094260259,
    0.7268449455012663,
    0.7148726506172612
  ],
  "val_acc": [
    0.6574541053056284,
    0.6719790195682873,
    0.6425257212023401,
    0.6973976195279403,
    0.7298769416986081,
    0.7242283639297963,
    0.6931611862013315,
    0.7240266290094816,
    0.7026427274561227,
    0.7020375226951785,
    0.7157554972765786,
    0.7189832560016138,
    0.7682065765584023,
    0.7111155941093403,
    0.7536816622957434,
    0.7548920718176316,
    0.7611458543473876,
    0.7520677829332257,
    0.7355255194674198,
    0.7561024813395198,
    0.7708291305224935,
    0.7768811781319347,
    0.7653822876739964,
    0.7801089368569699,
    0.7716360702037522,
    0.7827314908210611,
    0.7750655638491023,
    0.7823280209804317,
    0.7849505749445229,
    0.7809158765382288,
    0.7764777082913052,
    0.7734516844865846,
    0.7807141416179141,
    0.7803106717772846,
    0.7867661892273553,
    0.7857575146257817,
    0.7934234415977406,
    0.7805124066975994,
    0.782126286060117,
    0.7883800685898729,
    0.7893887431914465,
    0.7891870082711318,
    0.7908008876336494,
    0.7916078273149082,
    0.7895904781117612,
    0.7918095622352229,
    0.7885818035101876
  ]
}